{"mask_rcnn/false_negative":1,"loss_box_reg":0.004603385925292969,"mask_rcnn/accuracy":0.7372448979591837,"lr":2.5000000000000005e-05,"_step":99,"loss_rpn_cls":0.04901823773980141,"rpn/num_neg_anchors":254,"total_loss":1.1639430550858378,"fast_rcnn/false_negative":1,"loss_occluder_boundary":0.0016279560513794422,"data_time":0.02305069996509701,"bcnet/occluder_accuracy":1,"eta_seconds":0,"loss_mask":0.5704913139343262,"loss_cls":0.054612092673778534,"roi_head/num_fg_samples":1,"bcnet/occludee_boundary_gt_positive_rate":0.19387754797935486,"bcnet/occluder_gt_positive_rate":0,"fast_rcnn/cls_accuracy":0.984375,"_timestamp":1.7822268734372373e+09,"mask_rcnn/false_positive":0,"fast_rcnn/fg_cls_accuracy":0,"bcnet/occluder_boundary_gt_positive_rate":0,"_wandb":{"runtime":92},"rpn/num_pos_anchors":2,"rank_data_time":0.02305069996509701,"time":0.7813905000220984,"_runtime":92.0531393,"loss_occluder_mask":0.004017758183181286,"loss_occludee_boundary":0.47403663396835327,"loss_rpn_loc":0.00553567660972476,"roi_head/num_bg_samples":63}