{"bcnet/occluder_boundary_gt_positive_rate":0.06232606619596481,"fast_rcnn/cls_accuracy":0.828125,"fast_rcnn/fg_cls_accuracy":0,"loss_cls":0.7542962431907654,"fast_rcnn/false_negative":1,"total_loss":3.228783704340458,"rank_data_time":0.008395788259804249,"mask_rcnn/accuracy":0.5921556122448979,"loss_occludee_boundary":0.5012381076812744,"loss_rpn_cls":0.04319227486848831,"loss_rpn_loc":0.01683788001537323,"time":0.4212648570537567,"roi_head/num_fg_samples":22,"roi_head/num_bg_samples":106,"_timestamp":1.7824325400344417e+09,"bcnet/occluder_accuracy":0.9431818127632141,"mask_rcnn/false_negative":0.6038697238862494,"_step":99,"bcnet/occluder_gt_positive_rate":0.05681818351149559,"eta_seconds":0,"rpn/num_pos_anchors":8.5,"rpn/num_neg_anchors":247.5,"_wandb":{"runtime":135},"mask_rcnn/false_positive":0.2653081660241326,"loss_occluder_mask":0.25348636507987976,"_runtime":135.437771352,"bcnet/occludee_boundary_gt_positive_rate":0.1996753215789795,"data_time":0.008395788259804249,"loss_box_reg":0.7456694841384888,"loss_occluder_boundary":0.2490101009607315,"loss_mask":0.6650532484054565,"lr":0.0025}