{"_wandb":{"runtime":1},"_runtime":1,"_step":7,"acc":0.7883314853448644,"loss":0.2886796832845381,"_timestamp":1.7822252277629666e+09}